"name","email","password","searchTerm","quantity","shippingAddress"
"HW5 Spike-Burst User 001","spike-burst001@perf.local","PerfTest123!","iPhone","1","HW5 Spike-Burst address 001, Ho Chi Minh City"
"HW5 Spike-Burst User 002","spike-burst002@perf.local","PerfTest123!","Samsung","2","HW5 Spike-Burst address 002, Ho Chi Minh City"
"HW5 Spike-Burst User 003","spike-burst003@perf.local","PerfTest123!","MacBook","1","HW5 Spike-Burst address 003, Ho Chi Minh City"
"HW5 Spike-Burst User 004","spike-burst004@perf.local","PerfTest123!","AirPods","2","HW5 Spike-Burst address 004, Ho Chi Minh City"
"HW5 Spike-Burst User 005","spike-burst005@perf.local","PerfTest123!","Keychron","1","HW5 Spike-Burst address 005, Ho Chi Minh City"
"HW5 Spike-Burst User 006","spike-burst006@perf.local","PerfTest123!","iPhone","2","HW5 Spike-Burst address 006, Ho Chi Minh City"
"HW5 Spike-Burst User 007","spike-burst007@perf.local","PerfTest123!","Samsung","1","HW5 Spike-Burst address 007, Ho Chi Minh City"
"HW5 Spike-Burst User 008","spike-burst008@perf.local","PerfTest123!","MacBook","2","HW5 Spike-Burst address 008, Ho Chi Minh City"
"HW5 Spike-Burst User 009","spike-burst009@perf.local","PerfTest123!","AirPods","1","HW5 Spike-Burst address 009, Ho Chi Minh City"
"HW5 Spike-Burst User 010","spike-burst010@perf.local","PerfTest123!","Keychron","2","HW5 Spike-Burst address 010, Ho Chi Minh City"
"HW5 Spike-Burst User 011","spike-burst011@perf.local","PerfTest123!","iPhone","1","HW5 Spike-Burst address 011, Ho Chi Minh City"
"HW5 Spike-Burst User 012","spike-burst012@perf.local","PerfTest123!","Samsung","2","HW5 Spike-Burst address 012, Ho Chi Minh City"
"HW5 Spike-Burst User 013","spike-burst013@perf.local","PerfTest123!","MacBook","1","HW5 Spike-Burst address 013, Ho Chi Minh City"
"HW5 Spike-Burst User 014","spike-burst014@perf.local","PerfTest123!","AirPods","2","HW5 Spike-Burst address 014, Ho Chi Minh City"
"HW5 Spike-Burst User 015","spike-burst015@perf.local","PerfTest123!","Keychron","1","HW5 Spike-Burst address 015, Ho Chi Minh City"
"HW5 Spike-Burst User 016","spike-burst016@perf.local","PerfTest123!","iPhone","2","HW5 Spike-Burst address 016, Ho Chi Minh City"
"HW5 Spike-Burst User 017","spike-burst017@perf.local","PerfTest123!","Samsung","1","HW5 Spike-Burst address 017, Ho Chi Minh City"
"HW5 Spike-Burst User 018","spike-burst018@perf.local","PerfTest123!","MacBook","2","HW5 Spike-Burst address 018, Ho Chi Minh City"
"HW5 Spike-Burst User 019","spike-burst019@perf.local","PerfTest123!","AirPods","1","HW5 Spike-Burst address 019, Ho Chi Minh City"
"HW5 Spike-Burst User 020","spike-burst020@perf.local","PerfTest123!","Keychron","2","HW5 Spike-Burst address 020, Ho Chi Minh City"
"HW5 Spike-Burst User 021","spike-burst021@perf.local","PerfTest123!","iPhone","1","HW5 Spike-Burst address 021, Ho Chi Minh City"
"HW5 Spike-Burst User 022","spike-burst022@perf.local","PerfTest123!","Samsung","2","HW5 Spike-Burst address 022, Ho Chi Minh City"
"HW5 Spike-Burst User 023","spike-burst023@perf.local","PerfTest123!","MacBook","1","HW5 Spike-Burst address 023, Ho Chi Minh City"
"HW5 Spike-Burst User 024","spike-burst024@perf.local","PerfTest123!","AirPods","2","HW5 Spike-Burst address 024, Ho Chi Minh City"
"HW5 Spike-Burst User 025","spike-burst025@perf.local","PerfTest123!","Keychron","1","HW5 Spike-Burst address 025, Ho Chi Minh City"
"HW5 Spike-Burst User 026","spike-burst026@perf.local","PerfTest123!","iPhone","2","HW5 Spike-Burst address 026, Ho Chi Minh City"
"HW5 Spike-Burst User 027","spike-burst027@perf.local","PerfTest123!","Samsung","1","HW5 Spike-Burst address 027, Ho Chi Minh City"
"HW5 Spike-Burst User 028","spike-burst028@perf.local","PerfTest123!","MacBook","2","HW5 Spike-Burst address 028, Ho Chi Minh City"
"HW5 Spike-Burst User 029","spike-burst029@perf.local","PerfTest123!","AirPods","1","HW5 Spike-Burst address 029, Ho Chi Minh City"
"HW5 Spike-Burst User 030","spike-burst030@perf.local","PerfTest123!","Keychron","2","HW5 Spike-Burst address 030, Ho Chi Minh City"
"HW5 Spike-Burst User 031","spike-burst031@perf.local","PerfTest123!","iPhone","1","HW5 Spike-Burst address 031, Ho Chi Minh City"
"HW5 Spike-Burst User 032","spike-burst032@perf.local","PerfTest123!","Samsung","2","HW5 Spike-Burst address 032, Ho Chi Minh City"
"HW5 Spike-Burst User 033","spike-burst033@perf.local","PerfTest123!","MacBook","1","HW5 Spike-Burst address 033, Ho Chi Minh City"
"HW5 Spike-Burst User 034","spike-burst034@perf.local","PerfTest123!","AirPods","2","HW5 Spike-Burst address 034, Ho Chi Minh City"
"HW5 Spike-Burst User 035","spike-burst035@perf.local","PerfTest123!","Keychron","1","HW5 Spike-Burst address 035, Ho Chi Minh City"
"HW5 Spike-Burst User 036","spike-burst036@perf.local","PerfTest123!","iPhone","2","HW5 Spike-Burst address 036, Ho Chi Minh City"
"HW5 Spike-Burst User 037","spike-burst037@perf.local","PerfTest123!","Samsung","1","HW5 Spike-Burst address 037, Ho Chi Minh City"
"HW5 Spike-Burst User 038","spike-burst038@perf.local","PerfTest123!","MacBook","2","HW5 Spike-Burst address 038, Ho Chi Minh City"
"HW5 Spike-Burst User 039","spike-burst039@perf.local","PerfTest123!","AirPods","1","HW5 Spike-Burst address 039, Ho Chi Minh City"
"HW5 Spike-Burst User 040","spike-burst040@perf.local","PerfTest123!","Keychron","2","HW5 Spike-Burst address 040, Ho Chi Minh City"
"HW5 Spike-Burst User 041","spike-burst041@perf.local","PerfTest123!","iPhone","1","HW5 Spike-Burst address 041, Ho Chi Minh City"
"HW5 Spike-Burst User 042","spike-burst042@perf.local","PerfTest123!","Samsung","2","HW5 Spike-Burst address 042, Ho Chi Minh City"
"HW5 Spike-Burst User 043","spike-burst043@perf.local","PerfTest123!","MacBook","1","HW5 Spike-Burst address 043, Ho Chi Minh City"
"HW5 Spike-Burst User 044","spike-burst044@perf.local","PerfTest123!","AirPods","2","HW5 Spike-Burst address 044, Ho Chi Minh City"
"HW5 Spike-Burst User 045","spike-burst045@perf.local","PerfTest123!","Keychron","1","HW5 Spike-Burst address 045, Ho Chi Minh City"
"HW5 Spike-Burst User 046","spike-burst046@perf.local","PerfTest123!","iPhone","2","HW5 Spike-Burst address 046, Ho Chi Minh City"
"HW5 Spike-Burst User 047","spike-burst047@perf.local","PerfTest123!","Samsung","1","HW5 Spike-Burst address 047, Ho Chi Minh City"
"HW5 Spike-Burst User 048","spike-burst048@perf.local","PerfTest123!","MacBook","2","HW5 Spike-Burst address 048, Ho Chi Minh City"
"HW5 Spike-Burst User 049","spike-burst049@perf.local","PerfTest123!","AirPods","1","HW5 Spike-Burst address 049, Ho Chi Minh City"
"HW5 Spike-Burst User 050","spike-burst050@perf.local","PerfTest123!","Keychron","2","HW5 Spike-Burst address 050, Ho Chi Minh City"
"HW5 Spike-Burst User 051","spike-burst051@perf.local","PerfTest123!","iPhone","1","HW5 Spike-Burst address 051, Ho Chi Minh City"
"HW5 Spike-Burst User 052","spike-burst052@perf.local","PerfTest123!","Samsung","2","HW5 Spike-Burst address 052, Ho Chi Minh City"
"HW5 Spike-Burst User 053","spike-burst053@perf.local","PerfTest123!","MacBook","1","HW5 Spike-Burst address 053, Ho Chi Minh City"
"HW5 Spike-Burst User 054","spike-burst054@perf.local","PerfTest123!","AirPods","2","HW5 Spike-Burst address 054, Ho Chi Minh City"
"HW5 Spike-Burst User 055","spike-burst055@perf.local","PerfTest123!","Keychron","1","HW5 Spike-Burst address 055, Ho Chi Minh City"
"HW5 Spike-Burst User 056","spike-burst056@perf.local","PerfTest123!","iPhone","2","HW5 Spike-Burst address 056, Ho Chi Minh City"
"HW5 Spike-Burst User 057","spike-burst057@perf.local","PerfTest123!","Samsung","1","HW5 Spike-Burst address 057, Ho Chi Minh City"
"HW5 Spike-Burst User 058","spike-burst058@perf.local","PerfTest123!","MacBook","2","HW5 Spike-Burst address 058, Ho Chi Minh City"
"HW5 Spike-Burst User 059","spike-burst059@perf.local","PerfTest123!","AirPods","1","HW5 Spike-Burst address 059, Ho Chi Minh City"
"HW5 Spike-Burst User 060","spike-burst060@perf.local","PerfTest123!","Keychron","2","HW5 Spike-Burst address 060, Ho Chi Minh City"
"HW5 Spike-Burst User 061","spike-burst061@perf.local","PerfTest123!","iPhone","1","HW5 Spike-Burst address 061, Ho Chi Minh City"
"HW5 Spike-Burst User 062","spike-burst062@perf.local","PerfTest123!","Samsung","2","HW5 Spike-Burst address 062, Ho Chi Minh City"
"HW5 Spike-Burst User 063","spike-burst063@perf.local","PerfTest123!","MacBook","1","HW5 Spike-Burst address 063, Ho Chi Minh City"
"HW5 Spike-Burst User 064","spike-burst064@perf.local","PerfTest123!","AirPods","2","HW5 Spike-Burst address 064, Ho Chi Minh City"
"HW5 Spike-Burst User 065","spike-burst065@perf.local","PerfTest123!","Keychron","1","HW5 Spike-Burst address 065, Ho Chi Minh City"
"HW5 Spike-Burst User 066","spike-burst066@perf.local","PerfTest123!","iPhone","2","HW5 Spike-Burst address 066, Ho Chi Minh City"
"HW5 Spike-Burst User 067","spike-burst067@perf.local","PerfTest123!","Samsung","1","HW5 Spike-Burst address 067, Ho Chi Minh City"
"HW5 Spike-Burst User 068","spike-burst068@perf.local","PerfTest123!","MacBook","2","HW5 Spike-Burst address 068, Ho Chi Minh City"
"HW5 Spike-Burst User 069","spike-burst069@perf.local","PerfTest123!","AirPods","1","HW5 Spike-Burst address 069, Ho Chi Minh City"
"HW5 Spike-Burst User 070","spike-burst070@perf.local","PerfTest123!","Keychron","2","HW5 Spike-Burst address 070, Ho Chi Minh City"
"HW5 Spike-Burst User 071","spike-burst071@perf.local","PerfTest123!","iPhone","1","HW5 Spike-Burst address 071, Ho Chi Minh City"
"HW5 Spike-Burst User 072","spike-burst072@perf.local","PerfTest123!","Samsung","2","HW5 Spike-Burst address 072, Ho Chi Minh City"
"HW5 Spike-Burst User 073","spike-burst073@perf.local","PerfTest123!","MacBook","1","HW5 Spike-Burst address 073, Ho Chi Minh City"
"HW5 Spike-Burst User 074","spike-burst074@perf.local","PerfTest123!","AirPods","2","HW5 Spike-Burst address 074, Ho Chi Minh City"
"HW5 Spike-Burst User 075","spike-burst075@perf.local","PerfTest123!","Keychron","1","HW5 Spike-Burst address 075, Ho Chi Minh City"
"HW5 Spike-Burst User 076","spike-burst076@perf.local","PerfTest123!","iPhone","2","HW5 Spike-Burst address 076, Ho Chi Minh City"
"HW5 Spike-Burst User 077","spike-burst077@perf.local","PerfTest123!","Samsung","1","HW5 Spike-Burst address 077, Ho Chi Minh City"
"HW5 Spike-Burst User 078","spike-burst078@perf.local","PerfTest123!","MacBook","2","HW5 Spike-Burst address 078, Ho Chi Minh City"
"HW5 Spike-Burst User 079","spike-burst079@perf.local","PerfTest123!","AirPods","1","HW5 Spike-Burst address 079, Ho Chi Minh City"
"HW5 Spike-Burst User 080","spike-burst080@perf.local","PerfTest123!","Keychron","2","HW5 Spike-Burst address 080, Ho Chi Minh City"
"HW5 Spike-Burst User 081","spike-burst081@perf.local","PerfTest123!","iPhone","1","HW5 Spike-Burst address 081, Ho Chi Minh City"
"HW5 Spike-Burst User 082","spike-burst082@perf.local","PerfTest123!","Samsung","2","HW5 Spike-Burst address 082, Ho Chi Minh City"
"HW5 Spike-Burst User 083","spike-burst083@perf.local","PerfTest123!","MacBook","1","HW5 Spike-Burst address 083, Ho Chi Minh City"
"HW5 Spike-Burst User 084","spike-burst084@perf.local","PerfTest123!","AirPods","2","HW5 Spike-Burst address 084, Ho Chi Minh City"
"HW5 Spike-Burst User 085","spike-burst085@perf.local","PerfTest123!","Keychron","1","HW5 Spike-Burst address 085, Ho Chi Minh City"
"HW5 Spike-Burst User 086","spike-burst086@perf.local","PerfTest123!","iPhone","2","HW5 Spike-Burst address 086, Ho Chi Minh City"
"HW5 Spike-Burst User 087","spike-burst087@perf.local","PerfTest123!","Samsung","1","HW5 Spike-Burst address 087, Ho Chi Minh City"
"HW5 Spike-Burst User 088","spike-burst088@perf.local","PerfTest123!","MacBook","2","HW5 Spike-Burst address 088, Ho Chi Minh City"
"HW5 Spike-Burst User 089","spike-burst089@perf.local","PerfTest123!","AirPods","1","HW5 Spike-Burst address 089, Ho Chi Minh City"
"HW5 Spike-Burst User 090","spike-burst090@perf.local","PerfTest123!","Keychron","2","HW5 Spike-Burst address 090, Ho Chi Minh City"
"HW5 Spike-Burst User 091","spike-burst091@perf.local","PerfTest123!","iPhone","1","HW5 Spike-Burst address 091, Ho Chi Minh City"
"HW5 Spike-Burst User 092","spike-burst092@perf.local","PerfTest123!","Samsung","2","HW5 Spike-Burst address 092, Ho Chi Minh City"
"HW5 Spike-Burst User 093","spike-burst093@perf.local","PerfTest123!","MacBook","1","HW5 Spike-Burst address 093, Ho Chi Minh City"
"HW5 Spike-Burst User 094","spike-burst094@perf.local","PerfTest123!","AirPods","2","HW5 Spike-Burst address 094, Ho Chi Minh City"
"HW5 Spike-Burst User 095","spike-burst095@perf.local","PerfTest123!","Keychron","1","HW5 Spike-Burst address 095, Ho Chi Minh City"
"HW5 Spike-Burst User 096","spike-burst096@perf.local","PerfTest123!","iPhone","2","HW5 Spike-Burst address 096, Ho Chi Minh City"
"HW5 Spike-Burst User 097","spike-burst097@perf.local","PerfTest123!","Samsung","1","HW5 Spike-Burst address 097, Ho Chi Minh City"
"HW5 Spike-Burst User 098","spike-burst098@perf.local","PerfTest123!","MacBook","2","HW5 Spike-Burst address 098, Ho Chi Minh City"
"HW5 Spike-Burst User 099","spike-burst099@perf.local","PerfTest123!","AirPods","1","HW5 Spike-Burst address 099, Ho Chi Minh City"
"HW5 Spike-Burst User 100","spike-burst100@perf.local","PerfTest123!","Keychron","2","HW5 Spike-Burst address 100, Ho Chi Minh City"
"HW5 Spike-Burst User 101","spike-burst101@perf.local","PerfTest123!","iPhone","1","HW5 Spike-Burst address 101, Ho Chi Minh City"
"HW5 Spike-Burst User 102","spike-burst102@perf.local","PerfTest123!","Samsung","2","HW5 Spike-Burst address 102, Ho Chi Minh City"
"HW5 Spike-Burst User 103","spike-burst103@perf.local","PerfTest123!","MacBook","1","HW5 Spike-Burst address 103, Ho Chi Minh City"
"HW5 Spike-Burst User 104","spike-burst104@perf.local","PerfTest123!","AirPods","2","HW5 Spike-Burst address 104, Ho Chi Minh City"
"HW5 Spike-Burst User 105","spike-burst105@perf.local","PerfTest123!","Keychron","1","HW5 Spike-Burst address 105, Ho Chi Minh City"
"HW5 Spike-Burst User 106","spike-burst106@perf.local","PerfTest123!","iPhone","2","HW5 Spike-Burst address 106, Ho Chi Minh City"
"HW5 Spike-Burst User 107","spike-burst107@perf.local","PerfTest123!","Samsung","1","HW5 Spike-Burst address 107, Ho Chi Minh City"
"HW5 Spike-Burst User 108","spike-burst108@perf.local","PerfTest123!","MacBook","2","HW5 Spike-Burst address 108, Ho Chi Minh City"
"HW5 Spike-Burst User 109","spike-burst109@perf.local","PerfTest123!","AirPods","1","HW5 Spike-Burst address 109, Ho Chi Minh City"
"HW5 Spike-Burst User 110","spike-burst110@perf.local","PerfTest123!","Keychron","2","HW5 Spike-Burst address 110, Ho Chi Minh City"
"HW5 Spike-Burst User 111","spike-burst111@perf.local","PerfTest123!","iPhone","1","HW5 Spike-Burst address 111, Ho Chi Minh City"
"HW5 Spike-Burst User 112","spike-burst112@perf.local","PerfTest123!","Samsung","2","HW5 Spike-Burst address 112, Ho Chi Minh City"
"HW5 Spike-Burst User 113","spike-burst113@perf.local","PerfTest123!","MacBook","1","HW5 Spike-Burst address 113, Ho Chi Minh City"
"HW5 Spike-Burst User 114","spike-burst114@perf.local","PerfTest123!","AirPods","2","HW5 Spike-Burst address 114, Ho Chi Minh City"
"HW5 Spike-Burst User 115","spike-burst115@perf.local","PerfTest123!","Keychron","1","HW5 Spike-Burst address 115, Ho Chi Minh City"
"HW5 Spike-Burst User 116","spike-burst116@perf.local","PerfTest123!","iPhone","2","HW5 Spike-Burst address 116, Ho Chi Minh City"
"HW5 Spike-Burst User 117","spike-burst117@perf.local","PerfTest123!","Samsung","1","HW5 Spike-Burst address 117, Ho Chi Minh City"
"HW5 Spike-Burst User 118","spike-burst118@perf.local","PerfTest123!","MacBook","2","HW5 Spike-Burst address 118, Ho Chi Minh City"
"HW5 Spike-Burst User 119","spike-burst119@perf.local","PerfTest123!","AirPods","1","HW5 Spike-Burst address 119, Ho Chi Minh City"
"HW5 Spike-Burst User 120","spike-burst120@perf.local","PerfTest123!","Keychron","2","HW5 Spike-Burst address 120, Ho Chi Minh City"
"HW5 Spike-Burst User 121","spike-burst121@perf.local","PerfTest123!","iPhone","1","HW5 Spike-Burst address 121, Ho Chi Minh City"
"HW5 Spike-Burst User 122","spike-burst122@perf.local","PerfTest123!","Samsung","2","HW5 Spike-Burst address 122, Ho Chi Minh City"
"HW5 Spike-Burst User 123","spike-burst123@perf.local","PerfTest123!","MacBook","1","HW5 Spike-Burst address 123, Ho Chi Minh City"
"HW5 Spike-Burst User 124","spike-burst124@perf.local","PerfTest123!","AirPods","2","HW5 Spike-Burst address 124, Ho Chi Minh City"
"HW5 Spike-Burst User 125","spike-burst125@perf.local","PerfTest123!","Keychron","1","HW5 Spike-Burst address 125, Ho Chi Minh City"
"HW5 Spike-Burst User 126","spike-burst126@perf.local","PerfTest123!","iPhone","2","HW5 Spike-Burst address 126, Ho Chi Minh City"
"HW5 Spike-Burst User 127","spike-burst127@perf.local","PerfTest123!","Samsung","1","HW5 Spike-Burst address 127, Ho Chi Minh City"
"HW5 Spike-Burst User 128","spike-burst128@perf.local","PerfTest123!","MacBook","2","HW5 Spike-Burst address 128, Ho Chi Minh City"
"HW5 Spike-Burst User 129","spike-burst129@perf.local","PerfTest123!","AirPods","1","HW5 Spike-Burst address 129, Ho Chi Minh City"
"HW5 Spike-Burst User 130","spike-burst130@perf.local","PerfTest123!","Keychron","2","HW5 Spike-Burst address 130, Ho Chi Minh City"
"HW5 Spike-Burst User 131","spike-burst131@perf.local","PerfTest123!","iPhone","1","HW5 Spike-Burst address 131, Ho Chi Minh City"
"HW5 Spike-Burst User 132","spike-burst132@perf.local","PerfTest123!","Samsung","2","HW5 Spike-Burst address 132, Ho Chi Minh City"
"HW5 Spike-Burst User 133","spike-burst133@perf.local","PerfTest123!","MacBook","1","HW5 Spike-Burst address 133, Ho Chi Minh City"
"HW5 Spike-Burst User 134","spike-burst134@perf.local","PerfTest123!","AirPods","2","HW5 Spike-Burst address 134, Ho Chi Minh City"
"HW5 Spike-Burst User 135","spike-burst135@perf.local","PerfTest123!","Keychron","1","HW5 Spike-Burst address 135, Ho Chi Minh City"
"HW5 Spike-Burst User 136","spike-burst136@perf.local","PerfTest123!","iPhone","2","HW5 Spike-Burst address 136, Ho Chi Minh City"
"HW5 Spike-Burst User 137","spike-burst137@perf.local","PerfTest123!","Samsung","1","HW5 Spike-Burst address 137, Ho Chi Minh City"
"HW5 Spike-Burst User 138","spike-burst138@perf.local","PerfTest123!","MacBook","2","HW5 Spike-Burst address 138, Ho Chi Minh City"
"HW5 Spike-Burst User 139","spike-burst139@perf.local","PerfTest123!","AirPods","1","HW5 Spike-Burst address 139, Ho Chi Minh City"
"HW5 Spike-Burst User 140","spike-burst140@perf.local","PerfTest123!","Keychron","2","HW5 Spike-Burst address 140, Ho Chi Minh City"
"HW5 Spike-Burst User 141","spike-burst141@perf.local","PerfTest123!","iPhone","1","HW5 Spike-Burst address 141, Ho Chi Minh City"
"HW5 Spike-Burst User 142","spike-burst142@perf.local","PerfTest123!","Samsung","2","HW5 Spike-Burst address 142, Ho Chi Minh City"
"HW5 Spike-Burst User 143","spike-burst143@perf.local","PerfTest123!","MacBook","1","HW5 Spike-Burst address 143, Ho Chi Minh City"
"HW5 Spike-Burst User 144","spike-burst144@perf.local","PerfTest123!","AirPods","2","HW5 Spike-Burst address 144, Ho Chi Minh City"
"HW5 Spike-Burst User 145","spike-burst145@perf.local","PerfTest123!","Keychron","1","HW5 Spike-Burst address 145, Ho Chi Minh City"
"HW5 Spike-Burst User 146","spike-burst146@perf.local","PerfTest123!","iPhone","2","HW5 Spike-Burst address 146, Ho Chi Minh City"
"HW5 Spike-Burst User 147","spike-burst147@perf.local","PerfTest123!","Samsung","1","HW5 Spike-Burst address 147, Ho Chi Minh City"
"HW5 Spike-Burst User 148","spike-burst148@perf.local","PerfTest123!","MacBook","2","HW5 Spike-Burst address 148, Ho Chi Minh City"
"HW5 Spike-Burst User 149","spike-burst149@perf.local","PerfTest123!","AirPods","1","HW5 Spike-Burst address 149, Ho Chi Minh City"
"HW5 Spike-Burst User 150","spike-burst150@perf.local","PerfTest123!","Keychron","2","HW5 Spike-Burst address 150, Ho Chi Minh City"
